Location_of_incursion,Date_of_incursion,Species,Animal_details,Location_origin_of_animal,Time_bet_incursion_and_symptoms,Type_of_incursion,Borders_crossed,Mode_of_travel,Incursion_details,Public_health_response,Study,Outbreak,Vaccination,Age
South Africa,Jul-03,Horse,"Owned, unvaccinated 2-year-old Thoroughbred",Zimbabwe,5 months,Human-mediated,International (shared border),,"Imported from Golden Acres, Harare to Ashburton Training Center, Pietermaritzburg",,"Sabeta & Randles, 2005 (1)",,Unvaccinated,Adult
Ethiopia,Sep-03,Dog,Presumed unvaccinated,Ethiopia,,Natural,In-country,By land,Incursion from nearby towns despite regular mass dog vaccination; caused rabies outbreak in wolves of Bale Mountains National Park,Trap-vaccination-release of wolves,"Laurenson et al., 2005 (2); McQuiston, 2008 (3); Ehnert & Galland, 2009 (4) ",Yes,Unvaccinated,
South Africa,Aug-05,Dog,,Zimbabwe,,Natural,International (shared border),By land,Suspected due to phylogenetic analysis catalysed by sharp increase in dog rabies cases in Limpopo province,Mass dog vaccination,"Zulu et al., 2008 (5);  Sabeta et al., 2011 (6); Townsend et al., 2013 (7)",,,
South Africa,2008,Dog,,South Africa,,Natural,In-country,By land,Suspected incursion from Nkomazi indicated by phylogenetic analysis; led to outbreak in other parts of Mpumalanga,,"Phahladira et al., 2012 (8)",Yes,,
South Africa,2010,Dog,,South Africa,,,In-country,,"Imported from KwaZulu-Natal; bit local pet dog in Witpoortjie, south Johannesberg where vaccination rate is low, resulting in outbreak in Gauteng Province",,"Sabeta et al., 2013 (9); Weyer et al., 2020 (10); Ngoepe et al., 2022 (11)",Yes,,
South Africa,2011,Dog,,Lesotho,,,International (shared border),,"Suspected incursion from Lesotho into Sisonke district, KwaZulu-Natal indicated by phylogenetic analysis ",,"Mollentze et al., 2013 (12)",,,
South Africa,2012,Dog,,South Africa,,Natural,In-country,,"Suspected incursion from North West Province indicated by phylogenetic analysis; led to jackal rabies outbreak in  uThukela, KwaZulu-Natal",,"Ngoepe et al., 2022 (11)",,,
South Africa,2012,Dog,Rescued stray puppy,Lesotho,,,International (shared border),,"Suspected incursion from Lesotho indicated by phylogenetic analysis; secondary transmission to 1 human (owner) in Underberg, Sisonke district, KwaZulu-Natal",,"Mollentze et al., 2013 (12)",,,3 months and below
Chad,2014,Dog,,Chad,,Human-mediated,In-country,,Suspected human-mediated incursion into N’Djamena from surrounding areindicated by phylogenetic analysis,,"Zinsstag et al., 2017 (13)",,,
Tanzania,Sep-16,Dog,,Tanzania,,,In-country,,Suspected incursion from Zanzibar indicated by phylogenetic analysis; led to outbreak in Pemba during lapse in dog mass vaccination,"Mass dog vaccination, PEP (subsidized); outbreak ended in 2018","Lushasi et al., 2022 (14)",,,
South Africa,2016,Jackal,,South Africa,,Natural,In-country,By land,Suspected incursion from North West Province indicated by phylogenetic analysis; led to outbreak in Gauteng Province,PEP,"Ngoepe et al., 2022 (11)",Yes,,
Iran,Jan-01,Dog,"Owned, unvaccinated prior to travel ",Nepal,5 days,Human-mediated,International,By air,"Imported from Nepal to Iran, where it was vaccinated against rabies",PEP (owners),"Johnson et al., 2011 (15)",,Unvaccinated,
Israel,Mar-03,Dog,Owned (newly adopted),Israel,,Human-mediated,In-country,,Adopted by owner during trip to Beer Sheva and brought back to residence,"Contact tracing, PEP, increased public awareness (tourists)","David et al., 2004  (16);  David and Yakobson, 2011 (17)",,,
Indonesia,Aug-03,Dog,,Indonesia,,Human-mediated,In-country,By water,Imported from Sulawesi to Maluku islands for meat trade ,,"Townsend et al., 2013 (7)",,,
Bhutan,May-05,Dog,Free-roaming,India,,Natural,International (shared border),By land,"Bit cow in Gongza village, Toetsho subdistrict, Trashiyangtse, resulting in outbreak that spread to other villages accessible to free-roaming dogs through road network","Mass dog vaccination, PEP,  dog-catching,  vaccination of exposed animals,  increased public awareness","Tenzin et al., 2011 (18); Townsend et al., 2013 (7); Rinchen et al., 2020 (19); Rinchen et al., 2020 (20)",Yes,,
China,Feb-06,Dog,,China,,,In-country,By land,"Suspected incursion from Hengshan city into Yongzhou city indicated by phylogenetic analysis; resulted in secondary transmission to local free-roaming owned dog, which visited neighbouring farm and attacked pigs, causing outbreak with 20 pig deaths out of >50 exposed as no control measures were initiated",,"Jiang et al., 2008 (21)",Yes,,
Bhutan,2007,Dog,,India,,Natural,International (shared border),By land,"Incursion into Dala subdistrict, Chhukha from India",Culling; controlled by 2008,"Townsend et al., 2013 (7)",,,
Indonesia,2008,Dog,Owned,Indonesia,,Human-mediated,In-country,By water,"Imported from Flores to Bukit Peninsula, Bali by fishermen with no border controls; bit owners and caused outbreak that spread to other regions with >200 human deaths including owner; delayed detection and response due to poor bite surveillance, non-existent PEP policies, insufficient vaccine stocks and prioritisation of culling","Culling, mass dog vaccination  ","Scott-Orr and Putra, 2009 (22); Clifton, 2010 (23); Batan et al., 2014 (24); Putra et al., 2013 (25); Mahardika et al., 2014 (26); Dibia et al., 2015 (27); Cliquet and Wasniewski, 2018 (28); De Jong et al., 2018 (29); Drake, 2020 (30); Rupprecht et al., 2020 (31); Ward and Brookes, 2021 (32)",Yes,,
Bhutan,2008,Dog,,Bhutan,,Natural,In-country,By land,Incursion from south into southwest region of Bhutan,,"Rinchen et al., 2020 (19); Rinchen et al., 2020 (20)",,,
China,Mar-09,Dog,,China,,Human-mediated,In-country,By land,"Suspected incursion from Sichuan Province into Hanzhong District, Shaanxi Province indicated by phylogenetic analysis; transport of dogs for meat trade enabled outbreak that resulted in >7,000 biting incidents and 20 human deaths ","Culling, Mass dog vaccination (limited), PEP (limited)","Zhao et al., 2011 (33); Zhang et al., 2014 (34); ",Yes,,
Indonesia,Feb-10,Dog,,Indonesia,,Human-mediated,In-country,By water,Incursion from Sumatra into Nias; caused 1 human rabies death after biting medical official ,"Culling, mass dog vaccination","Townsend et al., 2013 (7); Rupprecht et al., 2018 (35); Global Alliance for Rabies Control, 2024 (36)",,,
China,2010,Dog,,China,,,In-country,By land,"Suspected incursion from Baoding City, Hebei Province into Yangqu County, Shanxi Province indicated by phylogenetic analysis; resulted in secondary transmission to local owned dog which attacked neighbour’s sheep, causing outbreak; spread attributed to high numbers of unvaccinated free-roaming dogs","Quarantine of exposed animals; sacrifice of associated animals (dog, sheep), mandatory vaccination of pets (owned dogs in the vicinity)","Zhu et al., 2011 (37)",Yes,,
China,Dec-10,Dog,Free-roaming,China,,Natural,In-country,By land,"Suspected incursion from Baoding, Hebei Province into Yangqu county, Shaanxi Province indicated by phylogenetic analysis; detected after secondary transmission to dog, which attacked neighbour's sheep and dog; spread due to unvaccinated free-roaming dogs in, lack of border control and meat trade facilitating movement of dogs","Vaccination of exposed animals (dogs), sacrifice of associated animals (sheep)","Zhang et al., (34)",,,
Russia,Feb-11,Fox,,Mongolia,,Natural,International (shared border),"By land, water (frozen)",Suspected incursion from Mongolia into Republic of Buryatia through crossing of frozen river indicated by phylogenetic analysis; resulted in outbreak,,"Adelshin et al., 2012 (38); Adelshin et al., 2015 (39)",Yes,,
Israel,Oct-11,Dog,"Owned, unvaccinated 3-year-old",Israel,2 months,Human-mediated,In-country,,"Brought by owners on camping trip to eastern coast of Sea of Galilee and Northern Israel and stayed outside, was bitten by local rabid stray dog and manifested symptoms after return to Israel; incomplete vaccination record (not rabies)","Contact tracing, PEP","David et al., 2012 (40)",,Unvaccinated,Adult
Philippines,2011,Dog,,Philippines,,Human-mediated,In-country,,"Suspected long-distance migration from Central Luzon region to Tablas Island, Romblon indicated by phylogenetic analysis",,"Tohma et al., 2016 (41)",,,
Russia,Feb-12,Fox,,Mongolia,,Natural,International (shared border),"By land, water (frozen)","Suspected incursion from Mongolia into Republic of Buryatia through crossing of frozen river, indicated by phylogenetic analysis",,"Adelshin et al., 2015 (39)",,,
South Korea,Apr-13,Dog,,South Korea,,Natural,In-country,By land,Suspected incursion from Gangwon Province into Geyonggi Province indicated by phylogenetic analysis; ,,"Oem et al., 2014 (42)",,,
Israel,Sep-13,Cow,Dairy calf,Israel,2 weeks,Human-mediated,In-country,By land,"Suspected infection by by jackal that had been shot in the vicinity and tested positive for rabies; among group of >50 calves transported from dairy farm in Golan Heights, Kibbutz Ortal to Bet Zaid Village, Emek Izrael, Jezreel Valley",,"David et al., 2015 (43)",,,Juvenile
Israel ,Sep-13,Cow,2 dairy calves,Israel,2 weeks,Human-mediated,In-country,By land,"Suspected infection by jackal that had been shot in the vicinity and tested positive for rabies; among group of >50 calves transported from dairy farm in Golan Heights, Kibbutz Ortal to Bet Zaid Village, Emek Izrael, Jezreel Valley, and later transported to Kfar Yehoshua",,"David et al., 2015 (43)",,,Juvenile
China,2014,Red fox,,Russia or Mongolia,,Natural,International (shared border),By land,"Suspected incursion from Russia/Mongolia into  Inner Mongolia Autonomous Region (IMAR), China indicated by phylogenetic analysis; resulted in secondary transmission to cow",,"Liu et al., 2014 (44)",,,
China,2014,Raccoon dog,,Russia or Mongolia,,Natural,International (shared border),By land,"Suspected incursion from Russia/Mongolia into  Heilongjiang Province, China indicated by phylogenetic analysis; resulted in secondary transmission to goat",,"Liu et al., 2014 (44)",,,
Malaysia,2015,Dog,,Thailand,,,International (shared border),By land,"Suspected incursion from Thailand into Perlis, Malaysia indicated by phylogenetic analysis",,"Leow et al., 2021 (45)",,,
Malaysia,2015,Dog,,Thailand,,,International (shared border),By land,"Suspected incursion from Thailand into Kedah, Malaysia indicated by phylogenetic analysis ",,"Leow et al., 2021 (45)",,,
Bhutan,Oct-16,Dog,"Stray, free-roaming",Bhutan,,Natural,In-country,By land,"Incursion from Meral and Sakteng subdistricts into Rangjung town, Trashigang; bit 3 humans and caused secondary transmission to >20 animals (dogs, cattle, cat); spread facilitated by large stray dog population and lack of public health response, as cases were previously detected in neighboring villages 2-3 months prior",PEP,"Tenzin et al., 2017 (46)",,,
India,Feb-16,Jackal,,India,,Natural,In-country,By land,"Incursion from West Bengal into Sikkim; bit 2 cows, causing secondary transmission; suspected infection by free-roaming dog while searching for food during winter, as dog vaccination coverage is low due to cultural beliefs that dogs should not be touched",,"Byrnes et al., 2017 (47)",,,
Malaysia,Jul-17,Dog,,Indonesia,,Human-mediated,International (shared border),By land,"Suspected incursion from West Kalimantan, Indonesia into Serian, Sarawak, Malaysia indicated by phylogenetic analysis; Attributed to workers bringing dogs during construction of Pan Borneo Highway; bit 2 children; spread facilitated by minimal rabies control at border and interaction of owned and stray dogs, resulting in outbreak","Culling, mass dog vaccination, PEP","Rupprecht et al., 2018 (35); Taib et al., 2019 (48); Leow et al., 2021 (45);  Ward and Brookes, 2021 (32); Global Alliance for Rabies Control, 2024 (36)",Yes,,
Indonesia,2019,Dog,Owned,Indonesia,,Human-mediated,In-country,By water,Brought from Bali or Sulawesi to Sumbawa Island to guard corn crops from wild monkeys,,"Ward and Brookes, 2021 (32)",,,
France,Mar-01,Dog,"Owned (newly adopted), 3-month old puppy ",Morocco (via Spain),7 weeks,Human-mediated,"Intercontinental, International (shared border)","By land, other","Adopted by owners during camping trip in Morocco and imported to Langon, Gironde, France by driving through Spain; no border controls observed for rabies (FMD only); delayed reporting of contact with another dog by owners, resulting in fine for withholding information","Contact tracing, PEP, quarantine, controlled movement of dogs, sacrifice of associated animals (dog)","Bruyere-Masson et al., 2001 (49); Ribadeau-Dumas, 2016 (50); Alvarez et al., 2022 (51) ",,,3 months and below
Albania,Mar-01,Dog,,Kosovo,,Natural,International (shared border),By land,"Migrated to Morine, Kukesi Province and bit 3 humans; suspected infection by wild animal (wolf/fox) as no ORV along border",PEP,"WHO Collaborating Centre for Rabies Surveillance and Research, 2001 (52); Blanton et al., 2007 (53); Korro et al., 2009 (54); Lika, 2010 (55)",,,
Austria,Oct-01,Dog,"Owned, two-month-old puppy",Serbia,,Human-mediated,International,,"Illegally imported from Belgrade, Serbia to Vienna, Austria and sold to new owners","PEP, contact tracing, quarantine of exposed animals (dogs), sacrifice of associated animals (second dog of owners)","Office International des Epizooties, 2001 (56); McElhinney et al., 2011 (57)",,,3 months and below
Germany,Nov-01,Dog,"Owned (newly adopted),  recently vaccinated 1-month old puppy ",Azerbaijan,2 days,Human-mediated,Intercontinental,By air,"Adopted by worker in Azerbaijan, vaccinated and given health certificate without time for rabies antibodies to develop before importation to Bavaria, Germany","PEP, contact tracing","WHO Collaborating Centre for Rabies Surveillance and Research, 2001 (58); Johnson et al., 2011(15);  Ribadeau-Dumas, 2016 (50); Alvarez et al., 2022 (51)",,Recently vaccinated,3 months and below
Germany,2001,Dog,Owned,Nepal,,Human-mediated,Intercontinental,By air,Imported from Nepal to Germany,,"Cliquet and Wasniewski, 2018 (28)",,,
Austria,Jan-02,Fox,,Slovenia,,Natural,International (shared border),By land,"Incursion from Slovenia to Carinthia, Austria; caused outbreak resulting in >20 rabid animals",ORV,"Potzsch, 2014 (59); Singh et al., 2018 (60)",Yes,,
France,2002,Dog,"Owned, unvaccinated 3-month-old puppy",Morocco (via Spain),7 weeks,Human-mediated,Intercontinental,"By land, other","Illegally imported from Morocco to Seine Saint Denis, France without vaccination certificate ",PEP,"WHO Collaborating Centre for Rabies Surveillance and Research, 2001 (58); Lardon, 2010 (61); Johnson et al., 2011 (15); Mailles et al., 2011 (62);  Ribadeau-Dumas, 2016 (50); Alvarez et al., 2022 (51)",,Unvaccinated,3 months and below
Switzerland,May-03,Dog,"Owned, <1-month old puppy",Algeria or Morocco,1 month,Human-mediated,Intercontinental,,"Suspected to have been illegally imported from North Africa and abandoned in Nyon, Geneva, Switzerland; found and brought to animal shelter, later adopted","PEP, vaccination of exposed animals","Zanoni and  Breitenmoser, 2003 (63); Johnson et al., 2011 (15);  Ribadeau-Dumas, 2016 (50);",,,3 months and below
Finland,Jun-03,Horse,"Owned, unvaccinated 2-year-old",Estonia,1 month,Human-mediated,International,,"Imported from Estonia to Finland without vaccination, in accordance with local guidelines (rabies vaccination recommended but not required, contrary to OIE standards); was released to pasture with other horses; bit veterinarian during examination","PEP (veterinarian), vaccination of exposed animals (horses), quarantine of exposed animals (horses)  ","Englund and Pringle, 2003 (64);  Rimhanen-Finne et al., 2009 (65); Metlin et al., 2016 (66); Zoonoosikeskus (Zoonoses Centre), 2012 (67); Dominguez et al., 2016 (68) ",,Unvaccinated,Adult
France,2004,Dog,"Owned, vaccinated 4-year-old",Morocco (via Spain),,Human-mediated,"Intercontinental, International (shared border)","By land, other","Illegally imported from Morocco via Melilla, Spain to Lorient, France",PEP,"Servas et al., 2005 (69); Lardon, 2010 (61); Ribadeau-Dumas, 2016 (50)",,Vaccinated,Adult
France,May-04,Dog,"Owned, unvaccinated 6-month-old",Morocco (via Spain),,Human-mediated,"Intercontinental, International (shared border)","By land, other","Illegally imported from Morocco via Spain to St. Gery, France","Contact tracing, PEP","Servas et al., 2005 (69); Lardon, 2010 (61); Ribadeau-Dumas, 2016 (50)",,Unvaccinated,Juvenile
France,Jul-04,Dog,"Owned, unvaccinated 4-month-old puppy ",Morocco (via Spain),1 month,Human-mediated,"Intercontinental, International (shared border)","By land, other","Illegally imported from Morocco, brought by owner through Ceuta, Spain, to Gironde, Aquitaine, Bordeaux France in car but allowed to roam unleashed at 3 summer music festivals, exposing >150 humans ","Culling (free-roaming dogs only) Contact tracing (hotline established), PEP, monitoring of animals","Health Protection Agency, 2005 (70); Servas et al., 2005 (69); Lardon, 2010 (61); Ribadeau-Dumas, 2016 (50); Alvarez et al., 2022 (51)",,Unvaccinated,Juvenile
France,2004,Dog,Owned,Morocco (via Spain),,Human-mediated,"Intercontinental, International (shared border)",,"Illegally imported from Morocco to Gironde, France",,"Johnson et al., 2011 (15); Alvarez et al., 2022 (51)",,,
France,2004,Dog,"Owned, 4-year-old",Morocco (via Spain),,Human-mediated,"Intercontinental, International (shared border)",,"Illegally imported from Morocco to Finistère, France despite lacking pet passport",PEP,"Johnson et al., 2011 (15); Mailles et al., 2011 (62);  Alvarez et al., 2022 (51)",,,Adult
Germany,2004,Dog,"Owned, unvaccinated 8-month-old ",Morocco,27 days,Human-mediated,Intercontinental,By air,"Imported from Morocco without complete travel requirements (no vaccination, pet passport or health certificate), but import permission was requested and granted under condition of vaccination and quarantine at owner's house in Germany; dog died in quarantine in Hannover","PEP, contact tracing, sacrifice of associated animals with confirmed direct exposure (cat), vaccination of  associated animals (dogs)","Johnson et al., 2011 (15); Ribadeau-Dumas, 2016 (50); Alvarez et al., 2022 (51)",,Unvaccinated,Juvenile
Germany,Jan-05,Fox,,Germany,,Natural,In-country,By land,Incursion from Hesse to Rhineland-Palatinate after ORV preventive vaccination cordon,"ORV (changed from baits to aerial, at 6-week intervals instead of every autumn)","Selhorst et al., 2012 (71); Cliquet and Wasniewski, 2018 (28)",,,
Spain,2005,Dog,Owned,Morocco,,Human-mediated,Intercontinental (shared border),By land,"Imported from Morocco to Melilla, Spain",,"European Food Safety Authority, 2007 (72)",,,
France,Oct-07,Dog,"Owned, recently vaccinated adult",Morocco (via Portugal and Spain),15 days,Human-mediated,"Intercontinental, International (shared border)","By water, land","Imported from Morocco despite visible injuries and short duration between rabies vaccination and travel; brought by owner to beach in Portugal, then passed Spain on the way to Grandpuits, Seine-et-Marne, Hautes-Pyrénées, Ger, France; In direct contact with 1 dog, which later associated with 1 other dog; resulted in secondary transmission to 1 dog, with France losing rabies-free status for 2 years","Contact tracing, PEP","Eurosurveillance, 2008 (73); Gautret et al., 2011 (74); Johnson et al., 2011 (15); Ribadeau-Dumas, 2016 (50); Yamada et al., 2019 (75); Alvarez et al., 2022 (51) ",,Recently vaccinated,Adult
Belgium,Oct-07,Dog,"Owned (newly-adopted), unvaccinated 1-month-old puppy",Morocco,1 month,Human-mediated,Intercontinental,,"Adopted by owner while on vacation in Morocco and imported to Beersel, Brussels, Belgium; checked by Morocco veterinarian and cleared for importation despite not fulfilling rabies vaccination and serology requirements; owners not informed of pet passport, resulting in smuggling of dog on plane in handbag; no border control measures observed; checked by 2nd veterinarian in Belgium but not vaccinated for rabies; brought to dog park; resulted in Belgium losing rabies-free status for 6 months","Contact tracing, PEP, 6-month quarantine (visitor dogs at dog park), sacrifice of associated pets, recommended pet vaccination, enhanced surveillance, restrictions, active fox surveillance, mandatory dog leashing","European Food Safety Authority, 2007 (72); Van Gucht and Le Roux , 2008 (76); Ehnert & Galland, 2009 (4); Johnson et al., 2011 (15); Ribadeau-Dumas, 2016 (50); Alvarez et al., 2022 (51)",,Unvaccinated,3 months and below
Kosovo,Oct-07,Fox,2 foxes,Republic of North Macedonia,,Natural,International (shared border),By land,"Incursion from Republic of North Macedonia into Štrpca, Kosovo; 1 fox found near police station, 1 fox found near holding",,"Muji et al., 2012 (77) ",,,
Germany,2007,Dog,Owned,Morocco,,Human-mediated,Intercontinental,,Illegally imported from Morocco to Germany,,"Ehnert & Galland, 2009 (4)",,,
Finland,2007,Dog,"Owned, formerly free-roaming, recently vaccinated puppy born to stray dog",India,<1 month,Human-mediated,Intercontinental,By air,Rescued from streets in India while attacked by stray dog; vaccinated <30 days before importation to Finland,PEP,"European Food Safety Authority, 2009; Johnson et al., 2011 (15);  Zoonoosikeskus (Zoonoses Centre), 2012 (67); Väyrynen, 2020 (78)",,Recently vaccinated,3 months and below
France,Apr-08,Dog,"Owned (newly-adopted), microchipped, vaccinated 6-month-old",Gambia (via Senegal and Belgium),2 weeks,Human-mediated,"Intercontinental, International (shared border)","By air, land","Adopted in Gambia; fulfilled all travel requirements for except serology; wounded but given health certificate; imported to Uccle, Belgium, brought into passenger cabin of plane; driven to France","Contact tracing, PEP, 6-month quarantine of exposed animals (cats)","Eurosurveillance, 2008 (79); Roux and Gucht, 2008 (80); European Food Safety Authority, 2010 (81);  Ribadeau-Dumas, 2016 (50); Cliquet and Wasniewski, 2018 (28); Alvarez et al., 2022 (51)",,Vaccinated,Juvenile
United Kingdom,Apr-08,Dog,"Owned, vaccinated 10-week-old puppy",Sri Lanka,6 days,Human-mediated,Intercontinental,By air,"Imported from Sri Lanka by rescue group along with >10 animals despite not meeting minimum age requirement for travel; quarantined in Chingford Kennels, Heathrow, London where symptoms manifested","Contact tracing, PEP, sacrifice of associated animals (nearby dogs at quarantine center)","Catchpole et al., 2008 (82); Fooks et al., 2008 (83); Goddard et al., 2008 (84); Health Protection Agency, 2008 (85); WHO Collaborating Centre for Rabies Surveillance & Research, 2009 (86);  European Food Safety Authority, 2010 (81); Johnson et al., 2011 (15); Johnson et al., 2011 (87); Fooks and Johnson, 2015 (88); Ribadeau-Dumas, 2016 (50); Alvarez et al., 2022 (51)",,Vaccinated,3 months and below
Germany,Jun-08,Dog,"Owned, unvaccinated 6-week-old puppy ",Croatia,6 months,Human-mediated,International,By land,"Illegally imported from Croatia to animal shelter in Lörrach, Baden-Württemberg, Germany without vaccination certificate; no border control measures reported at EU border ","Contact tracing, PEP, quarantine of exposed animals","Johnson et al., 2011 (15); Weiss et al., 2009 (89);  European Food Safety Authority, 2010 (81);  Ribadeau-Dumas, 2016 (50); Alvarez et al., 2022 (51)",,Unvaccinated,3 months and below
France,Oct-08,Dog,Owned (newly adopted),Spain,1 month,Human-mediated,International,By land,"Found in car park in Malaga, Spain; transported by owner to Saint André-le-Gaz, France by car",Contact tracing,"Johnson et al., 2011 (15);",,,
Italy,Oct-08,Red fox,2 red foxes,Slovenia,,Natural,International (shared border),By land,"Incursion from Slovenia into Venzone, Udine; 1 fox bit 1 human, and caused rabies spread to other regions; ORV not maintained during that period","PEP, ORV (Emergency)","De Benedictis et al., 2008 (90); Fusaro et al., 2013 (91); Berg et al, 2015 (92); Rupprecht et al., 2020 (31); Kumar et al., 2021 (93); Lojkić et al., 2021 (94)",,,
Italy,Nov-08,Fox,,Italy,,Natural,In-country,By land,"Continued incursion from Italy into Belluno, Venzone Province following Udine incursion from Slovenia; caused rabies spread to other regions","PEP, ORV (Emergency)","Fusaro et al., 2013 (91); Berg et al, 2015 (92); Rupprecht et al., 2020 (31); Kumar et al., 2021 (93); Lojkić et al., 2021 (94)",,,
France,2008,Dog,"Owned, recently adopted, unvaccinated 3-month-old puppy ",Spain,18 days,Human-mediated,International (shared border),By land,"Found on highway in Spain and illegally imported to Isère, France; suspected incursion from Morocco indicated by phylogenetic analysis",PEP,"Mailles et al., 2011 (62); Alvarez et al., 2022 (51)",,Unvaccinated,3 months and below
Germany,2009,Dog,"Owned, juvenile ",Croatia,,Human-mediated,International,By land,Imported from Croatia to Germany; no border control measures reported,,"Tietjen et al., 2011 (95)",,,
France,2009,Dog,Owned,Afghanistan,,Human-mediated,Intercontinental,By air,Imported from Afghanistan to France ,,"WHO Collaborating Centre for Rabies Surveillance & Research, 2009 (96); Johnson et al., 2011 (15)",,,
Germany,Feb-10,Dog,"Owned (newly bought), unvaccinated, 2-month-old puppy ",Bosnia and Herzegovina (via Slovenia),22 days,Human-mediated,International (shared border),By land,"Imported from Bosnia and Herzegovina to Neustadt an der Aisch, Bavaria, Germany; incomplete travel documents (no record of rabies vaccination) but allowed through border control; history of biting by aggressive dog","Contact tracing, PEP, destroyed associated animals (unvaccinated cats)","Eismann et al., 2011 (97); Johnson et al., 2011 (15);  European Food Safety Authority and European Centre for Disease Prevention and Control, 2012 (98); Ribadeau-Dumas, 2016 (50); Alvarez et al., 2022 (51)",,Unvaccinated,3 months and below
Poland,2010,Fox,13 foxes,Belarus or Ukraine,,Natural,International (shared border),By land,"Incursion into Rzeszow, Poland",ORV,"Smreczak et al., 2012 (99)",,,
Poland,2010,Fox,12 foxes,Belarus or Ukraine,,Natural,International (shared border),By land,"Incursion into Lublin, Poland",ORV,"Smreczak et al., 2012 (99)",,,
Poland,2010,Fox,,Russia or Ukraine,,Natural,International (shared border),By land,"Incursion into Malopolskie region, Poland; caused outbreak, resulting from weak surveillance (minimal sample collection)",ORV (maintained),"Berg et al, 2015 (92); Ortiz et al., 2018 (100)",Yes,,
France,Jul-11,Dog,"Owned (newly adopted) unvaccinated, 3-month-old puppy",Morocco (via Spain),4 days,Human-mediated,"Intercontinental, International (shared border)","By water, land","Illegally imported from Morocco to Vendée, France; did not fulfil all travel requirements (underage, unvaccinated, not microchipped, no travel certificate)","Contact tracing, PEP, (booster) vaccination of exposed animals (dogs), sacrifice of associated animals (cats)","Mailles et al., 2011 (62); Roberts and Lopez, 2011 (101);  European Food Safety Authority and European Centre for Disease Prevention and Control, 2013 (102); Alvarez et al., 2022 (51)",,Unvaccinated,3 months and below
Norway,2011,Arctic fox,,Norway,,Natural,In-country,By water (frozen),"Incursion from Svalbard mainland into Hopen Island by crossing frozen sea ice during winter; attacked 4 dogs at Hopen Metereological Station, killed by dog",(Booster) vaccination of exposed animals (dogs),"Roberts et al., 2011 (103)",,,
Croatia,2011,Cow,"Owned, unvaccinated",Romania,8 months,Human-mediated,International,By land,"One of 1,000 cows imported from Brasov, Romania to Osje ko-Baranjska county, Croatia with valid documents (health certificates) but no rabies vaccination required; 6 bulls exhibited symptoms",Sacrifice of associated animals (bulls in same box),"Lojkić et al., 2013 (104) ",,Unvaccinated,
Norway,2011,Arctic fox,,Russia,,Natural,International,By water (frozen),"Incursion from Russia into Svalbard, Norway by crossing frozen sea ice",,"Simon et al., 2021 (105); Hueffer, 2022 (106)",,,
Poland,2011,Fox,,Russia,,Natural,International,By land,"Incursion from Kaliningrad Oblast, Russia into Warminsko-Mazurskie, Poland",ORV (intensified),"Berg et al, 2015 (92)",,,
Netherlands,Feb-12,Dog,Owned (newly bought) unvaccinated 2-month-old puppy,Morocco (via Spain),1 day,Human-mediated,"Intercontinental, international","By air, other","Purchased in parking lot and illegally imported from Morocco to Amsterdam, Netherlands via Spain; examined at customs but pet passport and vaccination status not checked; stayed in passenger cabin of plane","Contact tracing, PEP, (booster) vaccination of exposed animals (dogs), sacrifice of associated animals (cats) due to lack of available venue for quarantine","Roberts and Lopez, 2012 (107); Van Rijckevorse et al., 2012 (108);  Ribadeau-Dumas, 2016 (50); Veda et al., 2021 (109); Alvarez et al., 2022 (51) ",,Unvaccinated,3 months and below
Greece,Oct-12,Red fox,,Republic of North Macedonia,,Natural,International (shared border),By land,"Incursion from Republic of North Macedonia into West Macedonia Region (Kozani Regional Unit), Greece; observed with symptoms by villagers; led to secondary transmission to 6 foxes and 2 dogs; spread attributed to neglect of ORV and lack of mountains","ORV, improved passive surveillance,  mandatory pet vaccination, increased public awareness ","Tsiodras et al., 2013 (110); Tsiodras et al., 2014 (111);  Giannakopoulos et al., 2016 (112); Rupprecht et al., 2020 (31);  Lojkić et al., 2021 (94)",,,
Spain,Jun-13,Dog,"Owned, recently vaccinated 4-year-old",Morocco,2 months,Human-mediated,Intercontinental,"By land, other","Attempted importation to Morocco 4 months prior but denied due to lack of serology test; transported from Spain to Morocco by owner immediately after vaccination; illegally imported (suspected entry point through Ceuta) back to Argés, Toledo, Castilla-La; owners did not have permanent home and were living in van; escaped, attacked 5 humans and died, resulting in loss of rabies-free status in Spain for 6 months; owners fined for not disclosing all information","Contact tracing, PEP, mandatory pet vaccination (animals in Castilla-La Mancha restriction area), serology of all exposed dogs,  sacrifice of associated animals (dog with insufficient antibodies according to serology), restricted animal movement ","Suarez-Rodriguez at al., 2013 (113); Pérez de Diego et al., 2015 (114);  Ribadeau-Dumas, 2016 (50); Veda et al., 2021 (109); Alvarez et al., 2022 (51)",,Recently vaccinated,Adult
France,Oct-13,Cat,"Owned (newly adopted), unvaccinated 2-month-old kitten",Morocco,11 days,Human-mediated,Intercontinental,By air,"Imported from Morocco  to Val d'Oise, France with certificate of good health despite not meeting qualifications for importation; escaped home and was adopted twice by different owners","Contact tracing, PEP, monitoring of vaccinated animals, sacrifice of associated animals (non-vaccinated), restricted movement of pets, increased surveillance","Veterinary Record, 2013 (115);  Ribadeau-Dumas, 2016 (50)",,Unvaccinated,3 months and below
Slovakia,2013,"Dog, fox, marten","2 dogs, 4 foxes, 1 marten",Poland,,Natural,International (shared border),By land,Incursion from Poland into Slovakia despite ORV,ORV (continued),"Ondrejková et al., 2020 (116)",,,
France,May-15,Dog,"Owned, unvaccinated 7-month-old",Algeria,9 days,Human-mediated,International,,"Illegally imported from Hungary to Loire, Rhone-Alpes region, France as a puppy without fulfilling travel requirements (vaccination, identification, underage); brought to Algeria 4 months later by owners despite surveillance orders, escaped for a period; manifested symptoms after return to France and had direct contact with 9 humans and 1 dog ","Contact tracing, PEP, sacrifice of associated animals (unvaccinated),  monitoring of vaccinated animals (dogs) for 6 months, catching of stray animals, restricted movement of pets,  increased surveillance","European Food Safety Authority and European Centre for Disease Prevention and Control, 2015 (117); Veterinary Record, (2015) (118); Veda et al., 2021 (109); Alvarez et al., 2022 (51)",,Unvaccinated,Juvenile
Slovakia,2015,Fox,5 foxes,Poland,,Natural,International (shared border),By land,,ORV,"Ondrejková et al., 2020 (116)",,,
United Kingdom,Jan-20,Sable,Owned,Russia (via Italy),,Human-mediated,International,,"Imported from Russia to Riverstick, Ireland",,"European Food Safety Authority and European Centre for Disease Prevention and Control, 2021 (119)",,,
France,Feb-20,Dog,"Owned, unvaccinated 3-month-old puppy",Morocco,,Human-mediated,Intercontinental,,Illegal importation from Morocco to France,PEP,"Bacigalupo et al., 2022 (120); European Food Safety Authority and European Centre for Disease Prevention and Control, 2021 (119); Veda et al., 2021 (109); Alvarez et al., 2022 (51)",,Unvaccinated,3 months and below
Poland,Jan-21,Fox,,Belarus or Ukraine,,Natural,International (shared border),By land,"Incursion from Belarus into farmyard in Izabela, Otwock, Mazowieckie voivoideship; observed to be ‘sick’, killed by dog; spread facilitated by limitation of ORV to borders only ","Increased public awareness, increased rabies surveillance, hunting ban, cancellation of pet-centric events, mandatory leashing of dogs, emergency ORV","Smreczak et al., 2023 (121)",,,
Germany,Jul-21,Dog,"Owned, unvaccinated, 2-month-old puppy ",Turkey (via Bulgaria),11 days,Human-mediated,"Intercontinental, international",,"Illegally imported from Turkey to Lower Saxony, Germany","Contact tracing, PEP","Alvarez et al., 2022 (51); European Food Safety Authority and European Centre for Disease Prevention and Control, 2022 (122)",,Unvaccinated,3 months and below
France,Oct-22,Dog,"Owned, 4-year-old",Morocco,,Human-mediated,Intercontinental,,"Suspected illegal importation from Morocco to shelter in Évry-Courcouronnes, Essonne, Île-de France region, France; bit several humans","Contact tracing, PEP, monitoring of shelter","Bacigalupo et al., 2022 (120)",,,Adult
United States of America,2001,Raccoon,,United States of America,,Natural,In-country,By land,"Incursion from Pennsylvania into Ohio, USA despite immune corridor from ORV; attributed to weakened surveillance",ORV (expanded),"Krebs et al., 2002 (123)",,,
Canada,Dec-02,Arctic fox,,Greenland,,Natural,Intercontinental,By water (frozen),"Incursion from Greenland into Newfoundland, Canada by crossing through packed ice during winter, indicated by phylogenetic analysis",,"Nadin-Davis et al., 2008 (124)",,,
Canada,2002,Fox,2 foxes,Canada,,Natural,In-country,By water (frozen),"Incursion from mainland Labrador to Cartwright, Labrador by crossing through packed ice; overlap with red fox populations facilitated spread in arctic foxes",,"Nadin-Davis et al., 2008 (124)",,,
United States of America,2003,Dog,Owned,United States of America,,Human-mediated,In-country,By air,"Imported from Puerto Rico into Massachusetts, USA",PEP,"Lankau et al., 2014 (125)",,,
United States of America,Mar-04,Dog,,Mexico,,Natural,International (shared border),By land,"Incursion from Mexico into Webb County, Texas, USA","Mass dog vaccination, ORV, monitoring","Blanton et al., 2007 (53)",,,
United States of America,Jun-04,Dog,Owned (newly adopted) unvaccinated 3-month old puppy ,Thailand,2 days,Human-mediated,Intercontinental,By air,"Imported from Thailand to Los Angeles, California, USA; given health certificate despite history of respiratory illness; stayed in passenger cabin","Contact tracing, PEP","Castrodale et al., 2008 (126);  McQuiston, 2008 (3); Ehnert & Galland, 2009 (4);  Lankau et al., 2014 (125) ",,Unvaccinated,3 months and below
United States of America,Jul-04,Raccoon,,United States of America,,Natural,In-country,By land,"Suspected incursion from mid-Atlantic state to Ohio, USA (although phylogenetic analysis indicates earlier occurrence); detected despite weakened surveillance, limited testing","ORV, enhanced surveillance","Russell et al., 2005 (127); Henderson et al., 2008 (128);  Slate et al., 2008 (129)",,,
United States of America,2004,Raccoon,,United States of America,,Natural,In-country,By land,"Incursion into Barnstable, Cape Cod from nearby areas in Massachusetts; crossed vaccine barrier, resulting in epizootic ",,"Wang et al., 2009 (130)",,,
United States of America,Feb-06,Red fox,Roadkill,United States of America,,Natural,In-country,By land,"Incursion from mid-Atlantic state to Tennessee; found during enhanced surveillance in non-ORV area; suspected infection by raccoon, indicated by phylogenetic analysis; ORV not recommended, considered ‘waste of resources’",Enhanced surveillance (increased sampling),"Slate et al., 2008 (129)",,,
Canada,Jun-06,Raccoon,Roadkill,United States of America,,Natural,International (shared border),By land,"Incursion from Vermont to Monteregie region, Dunham, Brome-Missisquoi, Quebec, Canada",ORV,"Shwiff et al., 2013 (131); Stevenson et al., 2016 (132); Trewby et al., 2017 (133);  Nadin-Davis, 2018 (134); Nadin-Davis et al., 2020 (135)",,,
United States of America,Mar-07,Dog,"Owned (newly adopted), unvaccinated 11-week-old puppy",India,2 days,Human-mediated,"Intercontinental, in-country",By air,"Imported from New Delhi, India to Seattle, Washington by volunteer veterinarian; given to 2nd veterinarian; despite symptoms and biting history (veterinarian owner, dog), health certificate obtained from 3rd veterinarian for travel to Juneau, Alaska","PEP, contact tracing, sacrifice of associated pets (dog)","Blanton et al., 2008 (136); Castrodale et al., 2008 (126); Ehnert & Galland, 2009 (4); Lankau et al., 2014 (125)",,Unvaccinated,3 months and below
United States of America,2008,Dog,"Owned, free-roaming, recently vaccinated 11-month-old",Iraq,3 days,Human-mediated,Intercontinental,,"Adopted by soldier and kept on military base for 7 months before vaccination and importation; transported with >20 dogs with no vaccination certificates;   to New Jersey, USA, leading to 30-day quarantine for all animals; diagnosed in quarantine centre","Contact tracing, PEP, vaccination of associated animals (dogs, cat); 6-month quarantine of exposed animals (dogs, cat)","Mangieri et al., 2008 (137); Lankau et al., 2014 (125); Hercules et al., 2018 (138)",,Recently vaccinated,Juvenile
United States of America,Jan-10,Cow,"Owned, presumed unvaccinated",Mexico,5 months,Human-mediated,International (shared border),By land,"Imported from Mexico to Texas, USA without documentation; suspected infection by vampire bat, indicated by phylogenetic analysis",,"Blanton et al., 2011 (139); Pieracci et al., 2020 (140)",,Unvaccinated,
United States of America,Jan-13,Raccoon,,United States of America,,Natural,In-country,By land,Incursion from mainland Georgia to Jekyll Island by crossing bridge;  associated with 2013 - 2017 epizootic,,"Ortiz et al., 2018 (100)",,,
Canada,Jul-13,Dog,Owned (newly adopted) unvaccinated 5-month-old husky ,Canada,1 month,Human-mediated,In-country,By land,"Found in area with ongoing outbreak, scavenging for food with   other dogs (mother and newborn litter); imported from Nunavut, Quebec to Calgary, Alberta with layover in Edmonton; no vaccination requirement for in-country travel; suspected infection by arctic fox, indicated by phylogenetic analysis ","PEP, quarantine of exposed animals (mother and litter dogs), sacrifice of associated animals (dog negative for rabies but euthanized at request of owner)","Curry et al., 2016 (141)",Yes,Unvaccinated,Juvenile
Canada,Dec-14,Dog,"Owned, unvaccinated <1 year- old ",Canada,0 days,Human-mediated,In-country,"By air, land","Found in construction work camp in Nunavut, Quebec and imported to Edmonton with layover in Yellowknife, Northwest Territories; further travel by car to Saskatoon Health Region, Saskatchewan; no vaccination requirement for in-country travel; manifested symptoms during travel and bit owner; suspected infection by arctic fox, indicated by phylogenetic analysis ","PEP, vaccination of exposed animal (dog), 45-day quarantine of exposed animal (dog)","Curry et al., 2016 (141)",,Unvaccinated,Juvenile
United States of America,May-15,Dog,"Owned (newly adopted), presumed vaccinated adult female with 1 puppy",Egypt,4 days,Human-mediated,Intercontinental,By air,"Found on street in Cairo, Egypt and imported to Virginia, USA by animal rescue organization along with >30 pets (dogs, cats) despite fracture injury; transported in same crate with own puppy; falsified vaccination certificate ","Contact tracing, PEP, vaccination of exposed animals (puppy, booster for vaccinated dogs), quarantine of exposed dogs (puppy)","Sinclair et al., 2015 (142); Pieracci et al., 2020 (140); Latzer et al., 2022 (143)",,Vaccinated,Adult
Canada,Dec-15,Raccoon,,United States of America,,Human-mediated,International (shared border),By land or water,"Suspected long-distance incursion from New York, USA into Hamilton, Ontario, Canada by stowing away on truck or ship; picked up by animal control along with 2 dogs; escaped cage and fought with dog; resulted in outbreak (>400 animals)","PEP, mass vaccination, ORV, enhanced surveillance (increased testing of sick animals), increased public awareness ","Stevenson et al., 2016 (132); Trewby et al., 2017 (133);  Lobo et al., 2018 (144);  Gilbert & Chipman, 2020 (145); Nadin-Davis et al., 2020 (135)",Yes,,
Canada,2015,Raccoon,,United States of America,,Natural,International (shared border),By land,"Suspected incursion from New York, USA into Mohawk Nation, Akwesasne, Quebec, Canada indicated by phylogenetic analysis",,"Birhane et al., 2017 (146); Trewby et al., 2017 (133); Nadin-Davis et al., 2020 (135)",,,
Canada,2015,Raccoon,,United States of America,,Natural,International (shared border),By land,"Suspected incursion from Maine, USA into New Brunswick, Canada (although phylogenetic analysis indicates earlier occurrence)",,"Trewby et al., 2017 (133)",,,
United States of America,Mar-16,Raccoon,,United States of America,,Human-mediated,In-country,By land,"Suspected human-mediated incursion from Connecticut into Hicksville, Nassau County, Long Island, New York indicated by phylogenetic analysis","Enhanced surveillance, increased public awareness ","Brunt et al., 2020 (147)",,,
United States of America,Dec-16,Cat,"Owned, unvaccinated",United States of America,,Human-mediated,In-country,,"Imported from Ames, Iowa to Johnsonville, New York for vacation; attacked 1 dog, 3 humans; suspected infection by skunk indicated by phylogenetic analysis",,"Brunt et al., 2021 (148)",,Unvaccinated,
United States of America,Dec-16,Otter,,United States of America,,Natural,In-country,By water,"Suspected incursion from Connecticut into Sound Beach, Suffolk County, New York indicated by phylogenetic analysis",,"Brunt et al., 2020 (147)",,,
United States of America,Feb-17,Cat,"Owned (newly-adopted), unvaccinated (for rabies), adult female with 3 kittens",United States of America,5 months,Human-mediated,In-country,,"Imported from North Carolina to Arkansas along with >10 other pets (cats, dogs) then travelled to Summit County, Ohio and gave birth; surrendered to Humane Society of Summit County;  vaccinated but not for rabies (according to facility guidelines, rabies vaccination only administered at time of spay/neuter); suspected infection by raccoon in North Carolina indicated by phylogenetic analysis","PEP, vaccination of exposed animals (recommended), 6-month quarantine of exposed animals (cats)","Singh et al., 2018 (60)",,Unvaccinated,Adult
United States of America,Nov-17,Cat,"Owned, unvaccinated",United States of America,,,In-country,,"Imported from Westchester County to Long Island, New York;  bit veterinary staff; suspected infection by raccoon indicated by phylogenetic analysis",,"Brunt et al., 2020 (147)",,Unvaccinated,
United States of America,Dec-17,Dog,"Owned, 6-month-old chihuahua ",Egypt,1 day,Human-mediated,Intercontinental,By air,"Imported from Egypt with 3 other dogs by animal rescue organization to JFK airport, New York then Connecticut despite injuries; suspected falsified rabies vaccination document;  bit 1 human (flight parent) before boarding plane","Contact tracing, PEP, booster vaccination of exposed animals (dogs), quarantine of exposed animals (dogs), monitoring","Blanton et al., 2009 (149); Hercules et al., 2018 (138); Chevalier & Havas, 2019 (150); Latzer et al., 2022 (143)",,,Juvenile
United States of America,Jan-19,Dog,"Owned, recently fostered 2-year-old",Egypt (via Canada),1 month,Human-mediated,"Intercontinental, international (shared border)","By air, land","Imported from Egypt to Port Huron to Toronto, Canada with >20 other dogs; brought by car through Port Hurton, Michigan to Kansas City; fostered with >10 animals (dogs, cats); bit 1 human (veterinary technician) during examination; had rabies vaccination certificate but serologic testing showed lack of vaccination in some dogs, indicating vaccination failure or falsification of vaccination certificate","PEP, suspension of dogs entering USA from Egypt, vaccination of exposed animals (booster) and 45-day monitoring, 6-month quarantine of exposed animals (unvaccinated dogs), quarantine of imported animals (dogs) and serologic monitoring","Raybern et al, 2019 (151); Latzer et al., 2022 (143)",,,
United States of America,May-21,Anteater,Zoo-owned,United States of America,2 months,Human-mediated,In-country,,"Imported from Virginia zoo to Tennessee Zoo, Washington County; suspected infection by raccoon indicated by phylogenetic analysis","Contact tracing, PEP, vaccination of exposed animal (tamandua) that was presumed unvaccinated due to missing vaccination records), quarantine of exposed animal (tamandua)","Grome et al, 2022 (152)",,,
United States of America,Jun-21,Dog,"Owned, vaccinated 5-month-old",Azerbaijan,3 days,Human-mediated,Intercontinental,"By air, other","Imported with >30 other animals (dogs, cat) by animal rescue organization from Baku, Azerbaijan to Chicago O’Hare airport, Illinois, USA; relocated to Pennsylvania; serologic testing showed insufficient levels despite confirmed vaccination in Egypt, indicating vaccination failure due to underdosing","Contact tracing, PEP, (booster) vaccination of exposed animals (dogs, cat), serologic monitoring and 45-day quarantine of imported animals (dogs), suspension of dog importations from DMRVV high-risk countries","Williams & Pieracci, 2021 (153);  Whitehill et al., 2022 (154)",,Vaccinated,Juvenile
Canada,Jul-21,Dog,"Owned (newly adopted),  presumed vaccinated three-month-old puppy ",Iran (via Germany),11 days,Human-mediated,Intercontinental,By air,"Imported from Tehran, Iran by animal rescue organization to Ontario, Canada through Frankfurt, Germany; was not revaccinated upon arrival despite vaccination policy for young dogs","Contact tracing, PEP, (booster) vaccination of exposed animals (dog), 3-month quarantine of exposed animal (dog) due to delayed identification ","Rebellato et al., 2022 (155)",,Vaccinated,3 months and below
Brazil,2006,Dog,,Bolivia,,Natural,International (shared border),By land,"Incursion from Germán Busch Province into Corumbá, Mato Grosso do Sul, Brazil; attributed to high numbers of free-roaming dogs",Mass dog vaccination,"Galhardo et al., 2019 (156)",,,
Peru,2015,Dog,,Peru,,Natural,In-country,By land,"Incursion from Puno into Arequipa; attributed to low vaccination rate among free-roaming dogs, commonly found foraging in water channels throughout city that collect garbage for foraging during dry season; resulted in outbreak","Mass dog vaccination, culling (stray dogs)","Castillo-Neyra et al., 2017 (157); Castillo-Neyra et al., 2017 (158); Raynor et al., 2020 (159)",Yes,,
Brazil,2015,Dog,,Bolivia,,Natural,International (shared border),By land,Incursion from Bolivia into Maranhão; further spread led to outbreak in Mato Grosso do Sul,,"Benavides et al., 2019 (160)",Yes,,
,,,,,,,,,,,,,,